PROJ,HASHID_FIX,HASHID_INDUCE,FILE
openjpa,8be86a6903dcf5d6486bf5578486fdd1fd28fc4a,c325e704eb9829dffc8ec3b5dcf8f5c9aa447831,openjpa-persistence-jdbc/src/test/java/org/apache/openjpa/persistence/jdbc/sqlcache/TestMultithreadedReparameterization.java
openjpa,8be86a6903dcf5d6486bf5578486fdd1fd28fc4a,531381429d0ff32f1c4d71e402906343a2977625,openjpa-kernel/src/main/java/org/apache/openjpa/util/CacheMap.java
openjpa,8be86a6903dcf5d6486bf5578486fdd1fd28fc4a,90b84c5d73db4d0d7fa3e5520358912961b59c43,openjpa-kernel/src/main/java/org/apache/openjpa/util/CacheMap.java
openjpa,02330ad212bb9b739901a68b42a4c440ea7a1b13,3887eb414e6118c294661aa326886a14444435d1,openjpa-examples/openbooks/src/main/java/openbook/util/Randomizer.java
openjpa,02330ad212bb9b739901a68b42a4c440ea7a1b13,fadd48fe5b68577a3a75d86fb7e51746d6662c3b,openjpa-jdbc/src/main/java/org/apache/openjpa/jdbc/sql/DB2Dictionary.java
openjpa,02330ad212bb9b739901a68b42a4c440ea7a1b13,0c517d163e355f85ca40673db15a991693bc2d4a,openjpa-lib/src/main/java/org/apache/openjpa/lib/util/J2DoPrivHelper.java
openjpa,02330ad212bb9b739901a68b42a4c440ea7a1b13,0efea474f226749a971077a592090cd7a4b86648,openjpa-lib/src/main/java/org/apache/openjpa/lib/util/J2DoPrivHelper.java
openjpa,02330ad212bb9b739901a68b42a4c440ea7a1b13,178f0a180a5d659f4f550c1bbacef77d4e4dd780,openjpa-lib/src/main/java/org/apache/openjpa/lib/util/J2DoPrivHelper.java
openjpa,02330ad212bb9b739901a68b42a4c440ea7a1b13,1a383857ff1c9c3e8de4f61cc1fda4ff6494d534,openjpa-lib/src/main/java/org/apache/openjpa/lib/util/J2DoPrivHelper.java
openjpa,02330ad212bb9b739901a68b42a4c440ea7a1b13,1ae20fc27761a143cf09c058bd9f87202289bfb3,openjpa-lib/src/main/java/org/apache/openjpa/lib/util/J2DoPrivHelper.java
openjpa,02330ad212bb9b739901a68b42a4c440ea7a1b13,316ced44c4537a9c3b1e7e11a7e06a0038465a14,openjpa-lib/src/main/java/org/apache/openjpa/lib/util/J2DoPrivHelper.java
openjpa,02330ad212bb9b739901a68b42a4c440ea7a1b13,3bdb0b95d8b728447cde2c23d53d673c49e7198b,openjpa-lib/src/main/java/org/apache/openjpa/lib/util/J2DoPrivHelper.java
openjpa,02330ad212bb9b739901a68b42a4c440ea7a1b13,7b06c5cfbf04d203ba55920ff120c3e6469e69e9,openjpa-lib/src/main/java/org/apache/openjpa/lib/util/J2DoPrivHelper.java
openjpa,02330ad212bb9b739901a68b42a4c440ea7a1b13,b6e661e24a3f5993ba24df9819e61f8ed028a115,openjpa-lib/src/main/java/org/apache/openjpa/lib/util/J2DoPrivHelper.java
openjpa,02330ad212bb9b739901a68b42a4c440ea7a1b13,ba84a115bc5240a7abb07348044f0a8890bfb7d1,openjpa-lib/src/main/java/org/apache/openjpa/lib/util/J2DoPrivHelper.java
openjpa,02330ad212bb9b739901a68b42a4c440ea7a1b13,bd2afc3f70b3fc8f1f132403dfc7ae98fb5a0a60,openjpa-lib/src/main/java/org/apache/openjpa/lib/util/J2DoPrivHelper.java
openjpa,02330ad212bb9b739901a68b42a4c440ea7a1b13,c3a7417e2456bc98436dddcc8d048983069f24ac,openjpa-lib/src/main/java/org/apache/openjpa/lib/util/J2DoPrivHelper.java
openjpa,02330ad212bb9b739901a68b42a4c440ea7a1b13,c47085e32f617554f4f5614bb1ee96af1b51820e,openjpa-lib/src/main/java/org/apache/openjpa/lib/util/J2DoPrivHelper.java
openjpa,02330ad212bb9b739901a68b42a4c440ea7a1b13,d35e668190ec027c629adfd74c40f76daa9e2edf,openjpa-lib/src/main/java/org/apache/openjpa/lib/util/J2DoPrivHelper.java
openjpa,02330ad212bb9b739901a68b42a4c440ea7a1b13,e1bd3c4dcbe89521ecd7aefd04df01e5f34963be,openjpa-lib/src/main/java/org/apache/openjpa/lib/util/J2DoPrivHelper.java
openjpa,02330ad212bb9b739901a68b42a4c440ea7a1b13,3887eb414e6118c294661aa326886a14444435d1,openjpa-examples/openbooks/src/main/java/jpa/tools/swing/ConfigurationViewer.java
openjpa,02330ad212bb9b739901a68b42a4c440ea7a1b13,90b84c5d73db4d0d7fa3e5520358912961b59c43,openjpa-persistence/src/main/java/org/apache/openjpa/persistence/query/CaseExpressionImpl.java
openjpa,f0286a268e1d3d1b97c361fe2bad743b8064094a,305758fc96e8ee05b632e3b7a4341b7dba36f16d,openjpa-jdbc/src/main/java/org/apache/openjpa/jdbc/sql/SolidDBDictionary.java
openjpa,f0286a268e1d3d1b97c361fe2bad743b8064094a,8cb9f588ff68d1e6e09294e29c71e4d2e45e4ec1,openjpa-jdbc/src/main/java/org/apache/openjpa/jdbc/sql/SolidDBDictionary.java
openjpa,f0286a268e1d3d1b97c361fe2bad743b8064094a,305758fc96e8ee05b632e3b7a4341b7dba36f16d,openjpa-kernel/src/main/java/org/apache/openjpa/meta/QueryMetaData.java
openjpa,f0286a268e1d3d1b97c361fe2bad743b8064094a,f27898f28082a42624d7dd5c7768523ef6b16f61,openjpa-kernel/src/main/java/org/apache/openjpa/meta/QueryMetaData.java
openjpa,f0286a268e1d3d1b97c361fe2bad743b8064094a,305758fc96e8ee05b632e3b7a4341b7dba36f16d,openjpa-jdbc/src/main/java/org/apache/openjpa/jdbc/kernel/TableJDBCSeq.java
openjpa,f0286a268e1d3d1b97c361fe2bad743b8064094a,ff4a96e707337123c3e94ba641b504101dd05c79,openjpa-jdbc/src/main/java/org/apache/openjpa/jdbc/kernel/TableJDBCSeq.java
openjpa,f0286a268e1d3d1b97c361fe2bad743b8064094a,305758fc96e8ee05b632e3b7a4341b7dba36f16d,openjpa-jdbc/src/main/java/org/apache/openjpa/jdbc/sql/SybaseDictionary.java
openjpa,f0286a268e1d3d1b97c361fe2bad743b8064094a,f27898f28082a42624d7dd5c7768523ef6b16f61,openjpa-jdbc/src/main/java/org/apache/openjpa/jdbc/sql/SybaseDictionary.java
openjpa,f0286a268e1d3d1b97c361fe2bad743b8064094a,305758fc96e8ee05b632e3b7a4341b7dba36f16d,openjpa-jdbc/src/main/java/org/apache/openjpa/jdbc/sql/HSQLDictionary.java
openjpa,f0286a268e1d3d1b97c361fe2bad743b8064094a,f27898f28082a42624d7dd5c7768523ef6b16f61,openjpa-jdbc/src/main/java/org/apache/openjpa/jdbc/sql/HSQLDictionary.java
openjpa,f0286a268e1d3d1b97c361fe2bad743b8064094a,305758fc96e8ee05b632e3b7a4341b7dba36f16d,openjpa-jdbc/src/main/java/org/apache/openjpa/jdbc/kernel/FinderCacheImpl.java
openjpa,f0286a268e1d3d1b97c361fe2bad743b8064094a,90b84c5d73db4d0d7fa3e5520358912961b59c43,openjpa-jdbc/src/main/java/org/apache/openjpa/jdbc/kernel/FinderCacheImpl.java
openjpa,f0286a268e1d3d1b97c361fe2bad743b8064094a,305758fc96e8ee05b632e3b7a4341b7dba36f16d,openjpa-lib/src/main/java/org/apache/openjpa/lib/conf/Configurations.java
openjpa,f0286a268e1d3d1b97c361fe2bad743b8064094a,90b84c5d73db4d0d7fa3e5520358912961b59c43,openjpa-lib/src/main/java/org/apache/openjpa/lib/conf/Configurations.java
openjpa,f0286a268e1d3d1b97c361fe2bad743b8064094a,305758fc96e8ee05b632e3b7a4341b7dba36f16d,openjpa-kernel/src/main/java/org/apache/openjpa/enhance/DynamicStorageGenerator.java
openjpa,f0286a268e1d3d1b97c361fe2bad743b8064094a,7a6d34e95f66e916e44b844b1ce6551ba8169539,openjpa-kernel/src/main/java/org/apache/openjpa/enhance/DynamicStorageGenerator.java
openjpa,f0286a268e1d3d1b97c361fe2bad743b8064094a,305758fc96e8ee05b632e3b7a4341b7dba36f16d,openjpa-kernel/src/main/java/org/apache/openjpa/kernel/StateManagerImpl.java
openjpa,f0286a268e1d3d1b97c361fe2bad743b8064094a,90b84c5d73db4d0d7fa3e5520358912961b59c43,openjpa-kernel/src/main/java/org/apache/openjpa/kernel/StateManagerImpl.java
openjpa,f0286a268e1d3d1b97c361fe2bad743b8064094a,305758fc96e8ee05b632e3b7a4341b7dba36f16d,openjpa-jdbc/src/main/java/org/apache/openjpa/jdbc/meta/strats/ClassNameDiscriminatorStrategy.java
openjpa,f0286a268e1d3d1b97c361fe2bad743b8064094a,f27898f28082a42624d7dd5c7768523ef6b16f61,openjpa-jdbc/src/main/java/org/apache/openjpa/jdbc/meta/strats/ClassNameDiscriminatorStrategy.java
openjpa,f0286a268e1d3d1b97c361fe2bad743b8064094a,305758fc96e8ee05b632e3b7a4341b7dba36f16d,openjpa-lib/src/main/java/org/apache/openjpa/lib/conf/StringValue.java
openjpa,f0286a268e1d3d1b97c361fe2bad743b8064094a,bf8ffa5ced5bda9a67d87fc43bd4336509112e74,openjpa-lib/src/main/java/org/apache/openjpa/lib/conf/StringValue.java
openjpa,f0286a268e1d3d1b97c361fe2bad743b8064094a,305758fc96e8ee05b632e3b7a4341b7dba36f16d,openjpa-jdbc/src/main/java/org/apache/openjpa/jdbc/schema/XMLSchemaSerializer.java
openjpa,f0286a268e1d3d1b97c361fe2bad743b8064094a,f27898f28082a42624d7dd5c7768523ef6b16f61,openjpa-jdbc/src/main/java/org/apache/openjpa/jdbc/schema/XMLSchemaSerializer.java
openjpa,f0286a268e1d3d1b97c361fe2bad743b8064094a,305758fc96e8ee05b632e3b7a4341b7dba36f16d,openjpa-lib/src/main/java/org/apache/openjpa/lib/util/Files.java
openjpa,f0286a268e1d3d1b97c361fe2bad743b8064094a,f27898f28082a42624d7dd5c7768523ef6b16f61,openjpa-lib/src/main/java/org/apache/openjpa/lib/util/Files.java
openjpa,f0286a268e1d3d1b97c361fe2bad743b8064094a,305758fc96e8ee05b632e3b7a4341b7dba36f16d,openjpa-kernel/src/main/java/org/apache/openjpa/meta/ClassMetaData.java
openjpa,f0286a268e1d3d1b97c361fe2bad743b8064094a,964ab657ce7d231ffdf74c96dc429933b0f16edc,openjpa-kernel/src/main/java/org/apache/openjpa/meta/ClassMetaData.java
openjpa,f0286a268e1d3d1b97c361fe2bad743b8064094a,979d2340e93eaaa9f273a100dbe78e42ea9ed400,openjpa-kernel/src/main/java/org/apache/openjpa/meta/ClassMetaData.java
openjpa,f0286a268e1d3d1b97c361fe2bad743b8064094a,305758fc96e8ee05b632e3b7a4341b7dba36f16d,openjpa-persistence/src/main/java/org/apache/openjpa/persistence/PersistenceProductDerivation.java
openjpa,f0286a268e1d3d1b97c361fe2bad743b8064094a,3d5b44956dd6b860b8367b25d5858ad7db0cd141,openjpa-persistence/src/main/java/org/apache/openjpa/persistence/PersistenceProductDerivation.java
openjpa,f0286a268e1d3d1b97c361fe2bad743b8064094a,62bc6c997c859f5b028df18e99c484b28864109b,openjpa-persistence/src/main/java/org/apache/openjpa/persistence/PersistenceProductDerivation.java
openjpa,f0286a268e1d3d1b97c361fe2bad743b8064094a,8b6406724b5a9cd55a911eb5df394dd7b21bb18d,openjpa-persistence/src/main/java/org/apache/openjpa/persistence/PersistenceProductDerivation.java
openjpa,f0286a268e1d3d1b97c361fe2bad743b8064094a,cdcfea47d4568f69783c6733b27dfbc33e3ba621,openjpa-persistence/src/main/java/org/apache/openjpa/persistence/PersistenceProductDerivation.java
openjpa,f0286a268e1d3d1b97c361fe2bad743b8064094a,305758fc96e8ee05b632e3b7a4341b7dba36f16d,openjpa-kernel/src/main/java/org/apache/openjpa/enhance/ApplicationIdTool.java
openjpa,f0286a268e1d3d1b97c361fe2bad743b8064094a,7a6d34e95f66e916e44b844b1ce6551ba8169539,openjpa-kernel/src/main/java/org/apache/openjpa/enhance/ApplicationIdTool.java
openjpa,f0286a268e1d3d1b97c361fe2bad743b8064094a,305758fc96e8ee05b632e3b7a4341b7dba36f16d,openjpa-lib/src/main/java/org/apache/openjpa/lib/conf/PluginListValue.java
openjpa,f0286a268e1d3d1b97c361fe2bad743b8064094a,f27898f28082a42624d7dd5c7768523ef6b16f61,openjpa-lib/src/main/java/org/apache/openjpa/lib/conf/PluginListValue.java
openjpa,f0286a268e1d3d1b97c361fe2bad743b8064094a,305758fc96e8ee05b632e3b7a4341b7dba36f16d,openjpa-kernel/src/main/java/org/apache/openjpa/kernel/ResultPacker.java
openjpa,f0286a268e1d3d1b97c361fe2bad743b8064094a,aecff50b27d17904a7b9cb6de00df032f01425dd,openjpa-kernel/src/main/java/org/apache/openjpa/kernel/ResultPacker.java
openjpa,f0286a268e1d3d1b97c361fe2bad743b8064094a,f27898f28082a42624d7dd5c7768523ef6b16f61,openjpa-kernel/src/main/java/org/apache/openjpa/kernel/ResultPacker.java
openjpa,f0286a268e1d3d1b97c361fe2bad743b8064094a,305758fc96e8ee05b632e3b7a4341b7dba36f16d,openjpa-lib/src/main/java/org/apache/openjpa/lib/ant/AbstractTask.java
openjpa,f0286a268e1d3d1b97c361fe2bad743b8064094a,9fa9ef4fe825bf29c480303c169413ab997e5707,openjpa-lib/src/main/java/org/apache/openjpa/lib/ant/AbstractTask.java
openjpa,f0286a268e1d3d1b97c361fe2bad743b8064094a,305758fc96e8ee05b632e3b7a4341b7dba36f16d,openjpa-jdbc/src/main/java/org/apache/openjpa/jdbc/conf/MappingFactoryValue.java
openjpa,f0286a268e1d3d1b97c361fe2bad743b8064094a,6ac482c68fb8f57ce68202f73f623142b1c86cc5,openjpa-jdbc/src/main/java/org/apache/openjpa/jdbc/conf/MappingFactoryValue.java
openjpa,f0286a268e1d3d1b97c361fe2bad743b8064094a,f27898f28082a42624d7dd5c7768523ef6b16f61,openjpa-jdbc/src/main/java/org/apache/openjpa/jdbc/conf/MappingFactoryValue.java
openjpa,f0286a268e1d3d1b97c361fe2bad743b8064094a,305758fc96e8ee05b632e3b7a4341b7dba36f16d,openjpa-jdbc/src/main/java/org/apache/openjpa/jdbc/meta/strats/MultiColumnVersionStrategy.java
openjpa,f0286a268e1d3d1b97c361fe2bad743b8064094a,90b84c5d73db4d0d7fa3e5520358912961b59c43,openjpa-jdbc/src/main/java/org/apache/openjpa/jdbc/meta/strats/MultiColumnVersionStrategy.java
openjpa,f0286a268e1d3d1b97c361fe2bad743b8064094a,305758fc96e8ee05b632e3b7a4341b7dba36f16d,openjpa-lib/src/main/java/org/apache/openjpa/lib/conf/ProductDerivations.java
openjpa,f0286a268e1d3d1b97c361fe2bad743b8064094a,f27898f28082a42624d7dd5c7768523ef6b16f61,openjpa-lib/src/main/java/org/apache/openjpa/lib/conf/ProductDerivations.java
openjpa,f0286a268e1d3d1b97c361fe2bad743b8064094a,305758fc96e8ee05b632e3b7a4341b7dba36f16d,openjpa-persistence/src/main/java/org/apache/openjpa/persistence/XMLPersistenceMetaDataSerializer.java
openjpa,f0286a268e1d3d1b97c361fe2bad743b8064094a,7a6d34e95f66e916e44b844b1ce6551ba8169539,openjpa-persistence/src/main/java/org/apache/openjpa/persistence/XMLPersistenceMetaDataSerializer.java
openjpa,f0286a268e1d3d1b97c361fe2bad743b8064094a,2bbbcc9d735a66b64afc1a8bcdba13ab151242db,openjpa-jdbc/src/main/java/org/apache/openjpa/jdbc/sql/SelectImpl.java
openjpa,f0286a268e1d3d1b97c361fe2bad743b8064094a,305758fc96e8ee05b632e3b7a4341b7dba36f16d,openjpa-jdbc/src/main/java/org/apache/openjpa/jdbc/sql/SelectImpl.java
openjpa,f0286a268e1d3d1b97c361fe2bad743b8064094a,305758fc96e8ee05b632e3b7a4341b7dba36f16d,openjpa-lib/src/main/java/org/apache/openjpa/lib/util/Options.java
openjpa,f0286a268e1d3d1b97c361fe2bad743b8064094a,4ddf63ea3f0ed80c6efa8877201d909900965244,openjpa-lib/src/main/java/org/apache/openjpa/lib/util/Options.java
openjpa,f0286a268e1d3d1b97c361fe2bad743b8064094a,b9183699ba5e4eb2335772077f2b0d8918767fb8,openjpa-lib/src/main/java/org/apache/openjpa/lib/util/Options.java
openjpa,f0286a268e1d3d1b97c361fe2bad743b8064094a,bf8ffa5ced5bda9a67d87fc43bd4336509112e74,openjpa-lib/src/main/java/org/apache/openjpa/lib/util/Options.java
openjpa,f0286a268e1d3d1b97c361fe2bad743b8064094a,f27898f28082a42624d7dd5c7768523ef6b16f61,openjpa-lib/src/main/java/org/apache/openjpa/lib/util/Options.java
openjpa,f0286a268e1d3d1b97c361fe2bad743b8064094a,305758fc96e8ee05b632e3b7a4341b7dba36f16d,openjpa-persistence-jdbc/src/test/java/org/apache/openjpa/jdbc/meta/strats/AbstractLobTest.java
openjpa,f0286a268e1d3d1b97c361fe2bad743b8064094a,5b7c20eacb99d974a48fcb6bc585ef6fd9f671d5,openjpa-persistence-jdbc/src/test/java/org/apache/openjpa/jdbc/meta/strats/AbstractLobTest.java
openjpa,f0286a268e1d3d1b97c361fe2bad743b8064094a,305758fc96e8ee05b632e3b7a4341b7dba36f16d,openjpa-jdbc/src/main/java/org/apache/openjpa/jdbc/sql/H2Dictionary.java
openjpa,f0286a268e1d3d1b97c361fe2bad743b8064094a,a255da6f654abbe8e70783a0b492bf64656cc2a1,openjpa-jdbc/src/main/java/org/apache/openjpa/jdbc/sql/H2Dictionary.java
openjpa,f0286a268e1d3d1b97c361fe2bad743b8064094a,09859699f9087e5d7200999cb8eae48bc04aa201,openjpa-jdbc/src/main/java/org/apache/openjpa/jdbc/sql/DBDictionary.java
openjpa,f0286a268e1d3d1b97c361fe2bad743b8064094a,305758fc96e8ee05b632e3b7a4341b7dba36f16d,openjpa-jdbc/src/main/java/org/apache/openjpa/jdbc/sql/DBDictionary.java
openjpa,f0286a268e1d3d1b97c361fe2bad743b8064094a,80d2c39020e4aa201d1bc066db6d97044863e1a1,openjpa-jdbc/src/main/java/org/apache/openjpa/jdbc/sql/DBDictionary.java
openjpa,f0286a268e1d3d1b97c361fe2bad743b8064094a,bad0838e0041910c0396b12e81b85635f5c334d1,openjpa-jdbc/src/main/java/org/apache/openjpa/jdbc/sql/DBDictionary.java
openjpa,f0286a268e1d3d1b97c361fe2bad743b8064094a,f27898f28082a42624d7dd5c7768523ef6b16f61,openjpa-jdbc/src/main/java/org/apache/openjpa/jdbc/sql/DBDictionary.java
openjpa,f0286a268e1d3d1b97c361fe2bad743b8064094a,305758fc96e8ee05b632e3b7a4341b7dba36f16d,openjpa-jdbc/src/main/java/org/apache/openjpa/jdbc/kernel/PreparedQueryCacheImpl.java
openjpa,f0286a268e1d3d1b97c361fe2bad743b8064094a,90b84c5d73db4d0d7fa3e5520358912961b59c43,openjpa-jdbc/src/main/java/org/apache/openjpa/jdbc/kernel/PreparedQueryCacheImpl.java
openjpa,f0286a268e1d3d1b97c361fe2bad743b8064094a,dcaa13461e79e0f8ad417a16b51274ae2dd06c9c,openjpa-jdbc/src/main/java/org/apache/openjpa/jdbc/kernel/PreparedQueryCacheImpl.java
openjpa,f0286a268e1d3d1b97c361fe2bad743b8064094a,305758fc96e8ee05b632e3b7a4341b7dba36f16d,openjpa-kernel/src/main/java/org/apache/openjpa/datacache/QueryKey.java
openjpa,f0286a268e1d3d1b97c361fe2bad743b8064094a,7a6d34e95f66e916e44b844b1ce6551ba8169539,openjpa-kernel/src/main/java/org/apache/openjpa/datacache/QueryKey.java
openjpa,f0286a268e1d3d1b97c361fe2bad743b8064094a,305758fc96e8ee05b632e3b7a4341b7dba36f16d,openjpa-jdbc/src/main/java/org/apache/openjpa/jdbc/meta/SequenceMapping.java
openjpa,f0286a268e1d3d1b97c361fe2bad743b8064094a,9af553bc8d9fc945bea6c7c259cf1f53cf7d8dab,openjpa-jdbc/src/main/java/org/apache/openjpa/jdbc/meta/SequenceMapping.java
openjpa,f0286a268e1d3d1b97c361fe2bad743b8064094a,fadd48fe5b68577a3a75d86fb7e51746d6662c3b,openjpa-jdbc/src/main/java/org/apache/openjpa/jdbc/meta/SequenceMapping.java
openjpa,f0286a268e1d3d1b97c361fe2bad743b8064094a,ff4a96e707337123c3e94ba641b504101dd05c79,openjpa-jdbc/src/main/java/org/apache/openjpa/jdbc/meta/SequenceMapping.java
openjpa,f0286a268e1d3d1b97c361fe2bad743b8064094a,305758fc96e8ee05b632e3b7a4341b7dba36f16d,openjpa-kernel/src/main/java/org/apache/openjpa/conf/OpenJPAConfigurationImpl.java
openjpa,f0286a268e1d3d1b97c361fe2bad743b8064094a,f27898f28082a42624d7dd5c7768523ef6b16f61,openjpa-kernel/src/main/java/org/apache/openjpa/conf/OpenJPAConfigurationImpl.java
openjpa,f0286a268e1d3d1b97c361fe2bad743b8064094a,305758fc96e8ee05b632e3b7a4341b7dba36f16d,openjpa-jdbc/src/main/java/org/apache/openjpa/jdbc/meta/QueryResultMapping.java
openjpa,f0286a268e1d3d1b97c361fe2bad743b8064094a,f27898f28082a42624d7dd5c7768523ef6b16f61,openjpa-jdbc/src/main/java/org/apache/openjpa/jdbc/meta/QueryResultMapping.java
openjpa,f0286a268e1d3d1b97c361fe2bad743b8064094a,305758fc96e8ee05b632e3b7a4341b7dba36f16d,openjpa-kernel/src/main/java/org/apache/openjpa/datacache/AbstractDataCache.java
openjpa,f0286a268e1d3d1b97c361fe2bad743b8064094a,66ad16fd850de2af3be24e9b6faa6d1f64e84a01,openjpa-kernel/src/main/java/org/apache/openjpa/datacache/AbstractDataCache.java
openjpa,f0286a268e1d3d1b97c361fe2bad743b8064094a,8abd836dcf285c0178e7dfb7a36a4abe24aa24f2,openjpa-kernel/src/main/java/org/apache/openjpa/datacache/AbstractDataCache.java
openjpa,f0286a268e1d3d1b97c361fe2bad743b8064094a,305758fc96e8ee05b632e3b7a4341b7dba36f16d,openjpa-jdbc/src/main/java/org/apache/openjpa/jdbc/schema/Schemas.java
openjpa,f0286a268e1d3d1b97c361fe2bad743b8064094a,fadd48fe5b68577a3a75d86fb7e51746d6662c3b,openjpa-jdbc/src/main/java/org/apache/openjpa/jdbc/schema/Schemas.java
openjpa,f0286a268e1d3d1b97c361fe2bad743b8064094a,305758fc96e8ee05b632e3b7a4341b7dba36f16d,openjpa-kernel/src/main/java/org/apache/openjpa/enhance/Reflection.java
openjpa,f0286a268e1d3d1b97c361fe2bad743b8064094a,8a9595bed48728c8dde434b46c747b7c1b5a31a2,openjpa-kernel/src/main/java/org/apache/openjpa/enhance/Reflection.java
openjpa,f0286a268e1d3d1b97c361fe2bad743b8064094a,aecff50b27d17904a7b9cb6de00df032f01425dd,openjpa-kernel/src/main/java/org/apache/openjpa/enhance/Reflection.java
openjpa,f0286a268e1d3d1b97c361fe2bad743b8064094a,bace5f56977a04a37280668fff6167cd32f6b60f,openjpa-kernel/src/main/java/org/apache/openjpa/enhance/Reflection.java
openjpa,f0286a268e1d3d1b97c361fe2bad743b8064094a,305758fc96e8ee05b632e3b7a4341b7dba36f16d,openjpa-persistence/src/main/java/org/apache/openjpa/persistence/AnnotationPersistenceMetaDataSerializer.java
openjpa,f0286a268e1d3d1b97c361fe2bad743b8064094a,85b2e766cae4a55e9e32442cc889a56b8fee0d65,openjpa-persistence/src/main/java/org/apache/openjpa/persistence/AnnotationPersistenceMetaDataSerializer.java
openjpa,f0286a268e1d3d1b97c361fe2bad743b8064094a,305758fc96e8ee05b632e3b7a4341b7dba36f16d,openjpa-lib/src/main/java/org/apache/openjpa/lib/identifier/IdentifierUtilImpl.java
openjpa,f0286a268e1d3d1b97c361fe2bad743b8064094a,8e0e9cfbd2bd8616d6a30d3100cf609145d2342f,openjpa-lib/src/main/java/org/apache/openjpa/lib/identifier/IdentifierUtilImpl.java
openjpa,f0286a268e1d3d1b97c361fe2bad743b8064094a,305758fc96e8ee05b632e3b7a4341b7dba36f16d,openjpa-lib/src/main/java/org/apache/openjpa/lib/conf/IntValue.java
openjpa,f0286a268e1d3d1b97c361fe2bad743b8064094a,3d5b44956dd6b860b8367b25d5858ad7db0cd141,openjpa-lib/src/main/java/org/apache/openjpa/lib/conf/IntValue.java
openjpa,f0286a268e1d3d1b97c361fe2bad743b8064094a,305758fc96e8ee05b632e3b7a4341b7dba36f16d,openjpa-kernel/src/main/java/org/apache/openjpa/conf/RemoteCommitProviderValue.java
openjpa,f0286a268e1d3d1b97c361fe2bad743b8064094a,f27898f28082a42624d7dd5c7768523ef6b16f61,openjpa-kernel/src/main/java/org/apache/openjpa/conf/RemoteCommitProviderValue.java
openjpa,f0286a268e1d3d1b97c361fe2bad743b8064094a,305758fc96e8ee05b632e3b7a4341b7dba36f16d,openjpa-jdbc/src/main/java/org/apache/openjpa/jdbc/schema/SchemaTool.java
openjpa,f0286a268e1d3d1b97c361fe2bad743b8064094a,f27898f28082a42624d7dd5c7768523ef6b16f61,openjpa-jdbc/src/main/java/org/apache/openjpa/jdbc/schema/SchemaTool.java
openjpa,f0286a268e1d3d1b97c361fe2bad743b8064094a,305758fc96e8ee05b632e3b7a4341b7dba36f16d,openjpa-lib/src/main/java/org/apache/openjpa/lib/conf/PluginValue.java
openjpa,f0286a268e1d3d1b97c361fe2bad743b8064094a,b9183699ba5e4eb2335772077f2b0d8918767fb8,openjpa-lib/src/main/java/org/apache/openjpa/lib/conf/PluginValue.java
openjpa,f0286a268e1d3d1b97c361fe2bad743b8064094a,305758fc96e8ee05b632e3b7a4341b7dba36f16d,openjpa-lib/src/main/java/org/apache/openjpa/lib/conf/DoubleValue.java
openjpa,f0286a268e1d3d1b97c361fe2bad743b8064094a,3d5b44956dd6b860b8367b25d5858ad7db0cd141,openjpa-lib/src/main/java/org/apache/openjpa/lib/conf/DoubleValue.java
openjpa,f0286a268e1d3d1b97c361fe2bad743b8064094a,305758fc96e8ee05b632e3b7a4341b7dba36f16d,openjpa-lib/src/main/java/org/apache/openjpa/lib/conf/ConfigurationImpl.java
openjpa,f0286a268e1d3d1b97c361fe2bad743b8064094a,3b1cb17cbae7af2b985e3e7c11833282d1db58a2,openjpa-lib/src/main/java/org/apache/openjpa/lib/conf/ConfigurationImpl.java
openjpa,f0286a268e1d3d1b97c361fe2bad743b8064094a,739ee54c198fc0a284156f40299e906b2b74db03,openjpa-lib/src/main/java/org/apache/openjpa/lib/conf/ConfigurationImpl.java
openjpa,f0286a268e1d3d1b97c361fe2bad743b8064094a,b9476a8ae8357528aa70300abadcad10c7816126,openjpa-lib/src/main/java/org/apache/openjpa/lib/conf/ConfigurationImpl.java
openjpa,f0286a268e1d3d1b97c361fe2bad743b8064094a,bf8ffa5ced5bda9a67d87fc43bd4336509112e74,openjpa-lib/src/main/java/org/apache/openjpa/lib/conf/ConfigurationImpl.java
openjpa,f0286a268e1d3d1b97c361fe2bad743b8064094a,305758fc96e8ee05b632e3b7a4341b7dba36f16d,openjpa-jdbc/src/main/java/org/apache/openjpa/jdbc/meta/DiscriminatorMappingInfo.java
openjpa,f0286a268e1d3d1b97c361fe2bad743b8064094a,6cd259f310fb0feab604805ffd0578e85513b64c,openjpa-jdbc/src/main/java/org/apache/openjpa/jdbc/meta/DiscriminatorMappingInfo.java
openjpa,f0286a268e1d3d1b97c361fe2bad743b8064094a,305758fc96e8ee05b632e3b7a4341b7dba36f16d,openjpa-jdbc/src/main/java/org/apache/openjpa/jdbc/identifier/DBIdentifierUtilImpl.java
openjpa,f0286a268e1d3d1b97c361fe2bad743b8064094a,fadd48fe5b68577a3a75d86fb7e51746d6662c3b,openjpa-jdbc/src/main/java/org/apache/openjpa/jdbc/identifier/DBIdentifierUtilImpl.java
openjpa,f0286a268e1d3d1b97c361fe2bad743b8064094a,305758fc96e8ee05b632e3b7a4341b7dba36f16d,openjpa-jdbc/src/main/java/org/apache/openjpa/jdbc/kernel/JDBCBrokerFactory.java
openjpa,f0286a268e1d3d1b97c361fe2bad743b8064094a,f27898f28082a42624d7dd5c7768523ef6b16f61,openjpa-jdbc/src/main/java/org/apache/openjpa/jdbc/kernel/JDBCBrokerFactory.java
openjpa,f0286a268e1d3d1b97c361fe2bad743b8064094a,156a7ffdd0b76fd00d8f31f763717d73a2e7fb6a,openjpa-persistence/src/main/java/org/apache/openjpa/persistence/AnnotationPersistenceXMLMetaDataParser.java
openjpa,f0286a268e1d3d1b97c361fe2bad743b8064094a,305758fc96e8ee05b632e3b7a4341b7dba36f16d,openjpa-persistence/src/main/java/org/apache/openjpa/persistence/AnnotationPersistenceXMLMetaDataParser.java
openjpa,f0286a268e1d3d1b97c361fe2bad743b8064094a,305758fc96e8ee05b632e3b7a4341b7dba36f16d,openjpa-persistence/src/main/java/org/apache/openjpa/persistence/EntityManagerImpl.java
openjpa,f0286a268e1d3d1b97c361fe2bad743b8064094a,90b84c5d73db4d0d7fa3e5520358912961b59c43,openjpa-persistence/src/main/java/org/apache/openjpa/persistence/EntityManagerImpl.java
openjpa,f0286a268e1d3d1b97c361fe2bad743b8064094a,017e518bbac1b9e0c1f67dd5cd1330cd54c02106,openjpa-persistence-jdbc/src/main/java/org/apache/openjpa/persistence/jdbc/AnnotationPersistenceMappingParser.java
openjpa,f0286a268e1d3d1b97c361fe2bad743b8064094a,04df2fac8231731830c5b886650b39b46cf9ed69,openjpa-persistence-jdbc/src/main/java/org/apache/openjpa/persistence/jdbc/AnnotationPersistenceMappingParser.java
openjpa,f0286a268e1d3d1b97c361fe2bad743b8064094a,17a93adda5a5fb3e963a145cde4768c7c5321713,openjpa-persistence-jdbc/src/main/java/org/apache/openjpa/persistence/jdbc/AnnotationPersistenceMappingParser.java
openjpa,f0286a268e1d3d1b97c361fe2bad743b8064094a,305758fc96e8ee05b632e3b7a4341b7dba36f16d,openjpa-persistence-jdbc/src/main/java/org/apache/openjpa/persistence/jdbc/AnnotationPersistenceMappingParser.java
openjpa,f0286a268e1d3d1b97c361fe2bad743b8064094a,3f8d02190d21c05323ece224164eea92c0009557,openjpa-persistence-jdbc/src/main/java/org/apache/openjpa/persistence/jdbc/AnnotationPersistenceMappingParser.java
openjpa,f0286a268e1d3d1b97c361fe2bad743b8064094a,5c1421cf09d4628064510e6b29c485a749b5f574,openjpa-persistence-jdbc/src/main/java/org/apache/openjpa/persistence/jdbc/AnnotationPersistenceMappingParser.java
openjpa,f0286a268e1d3d1b97c361fe2bad743b8064094a,7d1c8fccafcd31919a79edf46969c5662e2704b5,openjpa-persistence-jdbc/src/main/java/org/apache/openjpa/persistence/jdbc/AnnotationPersistenceMappingParser.java
openjpa,f0286a268e1d3d1b97c361fe2bad743b8064094a,bd51cad23f96e2febfdcde4abc83350b11aeba4d,openjpa-persistence-jdbc/src/main/java/org/apache/openjpa/persistence/jdbc/AnnotationPersistenceMappingParser.java
openjpa,f0286a268e1d3d1b97c361fe2bad743b8064094a,c99c9d24f968fbc2fb2542291ee20164518e6111,openjpa-persistence-jdbc/src/main/java/org/apache/openjpa/persistence/jdbc/AnnotationPersistenceMappingParser.java
openjpa,f0286a268e1d3d1b97c361fe2bad743b8064094a,e1ccb46414ff014004ed2680abbb8edd1559bbd0,openjpa-persistence-jdbc/src/main/java/org/apache/openjpa/persistence/jdbc/AnnotationPersistenceMappingParser.java
openjpa,f0286a268e1d3d1b97c361fe2bad743b8064094a,fadd48fe5b68577a3a75d86fb7e51746d6662c3b,openjpa-persistence-jdbc/src/main/java/org/apache/openjpa/persistence/jdbc/AnnotationPersistenceMappingParser.java
openjpa,f0286a268e1d3d1b97c361fe2bad743b8064094a,305758fc96e8ee05b632e3b7a4341b7dba36f16d,openjpa-lib/src/main/java/org/apache/openjpa/lib/identifier/IdentifierRule.java
openjpa,f0286a268e1d3d1b97c361fe2bad743b8064094a,8e0e9cfbd2bd8616d6a30d3100cf609145d2342f,openjpa-lib/src/main/java/org/apache/openjpa/lib/identifier/IdentifierRule.java
openjpa,f0286a268e1d3d1b97c361fe2bad743b8064094a,305758fc96e8ee05b632e3b7a4341b7dba36f16d,openjpa-kernel/src/main/java/org/apache/openjpa/meta/AbstractMetaDataFactory.java
openjpa,f0286a268e1d3d1b97c361fe2bad743b8064094a,f27898f28082a42624d7dd5c7768523ef6b16f61,openjpa-kernel/src/main/java/org/apache/openjpa/meta/AbstractMetaDataFactory.java
openjpa,f0286a268e1d3d1b97c361fe2bad743b8064094a,305758fc96e8ee05b632e3b7a4341b7dba36f16d,openjpa-jdbc/src/main/java/org/apache/openjpa/jdbc/sql/DBDictionaryFactory.java
openjpa,f0286a268e1d3d1b97c361fe2bad743b8064094a,6128ddbc2d8477628e08c53363657f71b6fcca1a,openjpa-jdbc/src/main/java/org/apache/openjpa/jdbc/sql/DBDictionaryFactory.java
openjpa,f0286a268e1d3d1b97c361fe2bad743b8064094a,ea9378fc9646f9fe771ace35fc2d8cbb0d88bc56,openjpa-jdbc/src/main/java/org/apache/openjpa/jdbc/sql/DBDictionaryFactory.java
openjpa,f0286a268e1d3d1b97c361fe2bad743b8064094a,f27898f28082a42624d7dd5c7768523ef6b16f61,openjpa-jdbc/src/main/java/org/apache/openjpa/jdbc/sql/DBDictionaryFactory.java
openjpa,f0286a268e1d3d1b97c361fe2bad743b8064094a,305758fc96e8ee05b632e3b7a4341b7dba36f16d,openjpa-kernel/src/main/java/org/apache/openjpa/meta/FetchGroup.java
openjpa,f0286a268e1d3d1b97c361fe2bad743b8064094a,90b84c5d73db4d0d7fa3e5520358912961b59c43,openjpa-kernel/src/main/java/org/apache/openjpa/meta/FetchGroup.java
openjpa,f0286a268e1d3d1b97c361fe2bad743b8064094a,13c88d75cf0844d1dfb0bdfc0dc9a297c4d2745d,openjpa-persistence/src/main/java/org/apache/openjpa/persistence/AnnotationPersistenceMetaDataParser.java
openjpa,f0286a268e1d3d1b97c361fe2bad743b8064094a,305758fc96e8ee05b632e3b7a4341b7dba36f16d,openjpa-persistence/src/main/java/org/apache/openjpa/persistence/AnnotationPersistenceMetaDataParser.java
openjpa,f0286a268e1d3d1b97c361fe2bad743b8064094a,3f8d02190d21c05323ece224164eea92c0009557,openjpa-persistence/src/main/java/org/apache/openjpa/persistence/AnnotationPersistenceMetaDataParser.java
openjpa,f0286a268e1d3d1b97c361fe2bad743b8064094a,45d90fd282c670634b8e8eea9debc9167e9b42c8,openjpa-persistence/src/main/java/org/apache/openjpa/persistence/AnnotationPersistenceMetaDataParser.java
openjpa,f0286a268e1d3d1b97c361fe2bad743b8064094a,747226b1d6dc6d57fd28332b4c2a4b0c4ad7a59c,openjpa-persistence/src/main/java/org/apache/openjpa/persistence/AnnotationPersistenceMetaDataParser.java
openjpa,f0286a268e1d3d1b97c361fe2bad743b8064094a,7a6d34e95f66e916e44b844b1ce6551ba8169539,openjpa-persistence/src/main/java/org/apache/openjpa/persistence/AnnotationPersistenceMetaDataParser.java
openjpa,f0286a268e1d3d1b97c361fe2bad743b8064094a,86e47000db1e081076ed16ef2873bb71e6e93c70,openjpa-persistence/src/main/java/org/apache/openjpa/persistence/AnnotationPersistenceMetaDataParser.java
openjpa,f0286a268e1d3d1b97c361fe2bad743b8064094a,c4323ac56367020cab9d70c2cd44eb8f0bf1e822,openjpa-persistence/src/main/java/org/apache/openjpa/persistence/AnnotationPersistenceMetaDataParser.java
openjpa,f0286a268e1d3d1b97c361fe2bad743b8064094a,fac15cf557b5ab7a577d365413a11c3276ee2790,openjpa-persistence/src/main/java/org/apache/openjpa/persistence/AnnotationPersistenceMetaDataParser.java
openjpa,f0286a268e1d3d1b97c361fe2bad743b8064094a,305758fc96e8ee05b632e3b7a4341b7dba36f16d,openjpa-persistence/src/main/java/org/apache/openjpa/persistence/EntityManagerFactoryImpl.java
openjpa,f0286a268e1d3d1b97c361fe2bad743b8064094a,e97e42b3eb5a3297f60e4c9a816d8dff8a8f9359,openjpa-persistence/src/main/java/org/apache/openjpa/persistence/EntityManagerFactoryImpl.java
openjpa,f0286a268e1d3d1b97c361fe2bad743b8064094a,00c27c654af529e1c71d5c696f4f66edf1e17305,openjpa-kernel/src/main/java/org/apache/openjpa/kernel/FetchConfigurationImpl.java
openjpa,f0286a268e1d3d1b97c361fe2bad743b8064094a,305758fc96e8ee05b632e3b7a4341b7dba36f16d,openjpa-kernel/src/main/java/org/apache/openjpa/kernel/FetchConfigurationImpl.java
openjpa,f0286a268e1d3d1b97c361fe2bad743b8064094a,3b1cb17cbae7af2b985e3e7c11833282d1db58a2,openjpa-kernel/src/main/java/org/apache/openjpa/kernel/FetchConfigurationImpl.java
openjpa,f0286a268e1d3d1b97c361fe2bad743b8064094a,5016fc69f876b56f961f062b538440af8bdc7497,openjpa-kernel/src/main/java/org/apache/openjpa/kernel/FetchConfigurationImpl.java
openjpa,f0286a268e1d3d1b97c361fe2bad743b8064094a,7a6d34e95f66e916e44b844b1ce6551ba8169539,openjpa-kernel/src/main/java/org/apache/openjpa/kernel/FetchConfigurationImpl.java
openjpa,f0286a268e1d3d1b97c361fe2bad743b8064094a,305758fc96e8ee05b632e3b7a4341b7dba36f16d,openjpa-persistence/src/main/java/org/apache/openjpa/persistence/validation/ValidatorImpl.java
openjpa,f0286a268e1d3d1b97c361fe2bad743b8064094a,9d33fe34b8cf330a330c7d70162c23f16fdc436c,openjpa-persistence/src/main/java/org/apache/openjpa/persistence/validation/ValidatorImpl.java
openjpa,f0286a268e1d3d1b97c361fe2bad743b8064094a,305758fc96e8ee05b632e3b7a4341b7dba36f16d,openjpa-kernel/src/main/java/org/apache/openjpa/util/ProxyManagerImpl.java
openjpa,f0286a268e1d3d1b97c361fe2bad743b8064094a,66ad16fd850de2af3be24e9b6faa6d1f64e84a01,openjpa-kernel/src/main/java/org/apache/openjpa/util/ProxyManagerImpl.java
openjpa,f0286a268e1d3d1b97c361fe2bad743b8064094a,90b84c5d73db4d0d7fa3e5520358912961b59c43,openjpa-kernel/src/main/java/org/apache/openjpa/util/ProxyManagerImpl.java
openjpa,f0286a268e1d3d1b97c361fe2bad743b8064094a,305758fc96e8ee05b632e3b7a4341b7dba36f16d,openjpa-jdbc/src/main/java/org/apache/openjpa/jdbc/sql/SQLErrorCodeReader.java
openjpa,f0286a268e1d3d1b97c361fe2bad743b8064094a,b6e661e24a3f5993ba24df9819e61f8ed028a115,openjpa-jdbc/src/main/java/org/apache/openjpa/jdbc/sql/SQLErrorCodeReader.java
openjpa,f0286a268e1d3d1b97c361fe2bad743b8064094a,305758fc96e8ee05b632e3b7a4341b7dba36f16d,openjpa-kernel/src/main/java/org/apache/openjpa/meta/SequenceMetaData.java
openjpa,f0286a268e1d3d1b97c361fe2bad743b8064094a,7a6d34e95f66e916e44b844b1ce6551ba8169539,openjpa-kernel/src/main/java/org/apache/openjpa/meta/SequenceMetaData.java
openjpa,f0286a268e1d3d1b97c361fe2bad743b8064094a,1fede626e2cad16f7bb4d77dd9fc3270a8b6b331,openjpa-lib/src/test/java/org/apache/openjpa/lib/xml/TestXMLWriter.java
openjpa,f0286a268e1d3d1b97c361fe2bad743b8064094a,66ad16fd850de2af3be24e9b6faa6d1f64e84a01,openjpa-lib/src/test/java/org/apache/openjpa/lib/xml/TestXMLWriter.java
openjpa,f0286a268e1d3d1b97c361fe2bad743b8064094a,da6ea0f708fc5a58b1e38942d9fcf84ee3f5913b,openjpa-lib/src/main/java/org/apache/openjpa/lib/util/StringUtil.java
openjpa,f0286a268e1d3d1b97c361fe2bad743b8064094a,305758fc96e8ee05b632e3b7a4341b7dba36f16d,openjpa-kernel/src/main/java/org/apache/openjpa/meta/AbstractCFMetaDataFactory.java
openjpa,f0286a268e1d3d1b97c361fe2bad743b8064094a,f27898f28082a42624d7dd5c7768523ef6b16f61,openjpa-kernel/src/main/java/org/apache/openjpa/meta/AbstractCFMetaDataFactory.java
openjpa,f0286a268e1d3d1b97c361fe2bad743b8064094a,305758fc96e8ee05b632e3b7a4341b7dba36f16d,openjpa-jdbc/src/main/java/org/apache/openjpa/jdbc/ant/ReverseMappingToolTask.java
openjpa,f0286a268e1d3d1b97c361fe2bad743b8064094a,f27898f28082a42624d7dd5c7768523ef6b16f61,openjpa-jdbc/src/main/java/org/apache/openjpa/jdbc/ant/ReverseMappingToolTask.java
openjpa,f0286a268e1d3d1b97c361fe2bad743b8064094a,305758fc96e8ee05b632e3b7a4341b7dba36f16d,openjpa-jdbc/src/main/java/org/apache/openjpa/jdbc/kernel/SQLStoreQuery.java
openjpa,f0286a268e1d3d1b97c361fe2bad743b8064094a,f27898f28082a42624d7dd5c7768523ef6b16f61,openjpa-jdbc/src/main/java/org/apache/openjpa/jdbc/kernel/SQLStoreQuery.java
openjpa,f0286a268e1d3d1b97c361fe2bad743b8064094a,305758fc96e8ee05b632e3b7a4341b7dba36f16d,openjpa-kernel/src/main/java/org/apache/openjpa/kernel/BrokerImpl.java
openjpa,f0286a268e1d3d1b97c361fe2bad743b8064094a,4dc0267629dc422f7cd7b955b139073a6166a5d7,openjpa-kernel/src/main/java/org/apache/openjpa/kernel/BrokerImpl.java
openjpa,f0286a268e1d3d1b97c361fe2bad743b8064094a,305758fc96e8ee05b632e3b7a4341b7dba36f16d,openjpa-jdbc/src/main/java/org/apache/openjpa/jdbc/meta/ReverseMappingTool.java
openjpa,f0286a268e1d3d1b97c361fe2bad743b8064094a,f27898f28082a42624d7dd5c7768523ef6b16f61,openjpa-jdbc/src/main/java/org/apache/openjpa/jdbc/meta/ReverseMappingTool.java
openjpa,f0286a268e1d3d1b97c361fe2bad743b8064094a,305758fc96e8ee05b632e3b7a4341b7dba36f16d,openjpa-persistence-jdbc/src/main/java/org/apache/openjpa/persistence/jdbc/XMLPersistenceMappingParser.java
openjpa,f0286a268e1d3d1b97c361fe2bad743b8064094a,3f8d02190d21c05323ece224164eea92c0009557,openjpa-persistence-jdbc/src/main/java/org/apache/openjpa/persistence/jdbc/XMLPersistenceMappingParser.java
openjpa,f0286a268e1d3d1b97c361fe2bad743b8064094a,7d1c8fccafcd31919a79edf46969c5662e2704b5,openjpa-persistence-jdbc/src/main/java/org/apache/openjpa/persistence/jdbc/XMLPersistenceMappingParser.java
openjpa,f0286a268e1d3d1b97c361fe2bad743b8064094a,9af553bc8d9fc945bea6c7c259cf1f53cf7d8dab,openjpa-persistence-jdbc/src/main/java/org/apache/openjpa/persistence/jdbc/XMLPersistenceMappingParser.java
openjpa,f0286a268e1d3d1b97c361fe2bad743b8064094a,f9fd4837b316ad205d27cdf053cf51b757080f8a,openjpa-persistence-jdbc/src/main/java/org/apache/openjpa/persistence/jdbc/XMLPersistenceMappingParser.java
openjpa,f0286a268e1d3d1b97c361fe2bad743b8064094a,fadd48fe5b68577a3a75d86fb7e51746d6662c3b,openjpa-persistence-jdbc/src/main/java/org/apache/openjpa/persistence/jdbc/XMLPersistenceMappingParser.java
openjpa,f0286a268e1d3d1b97c361fe2bad743b8064094a,305758fc96e8ee05b632e3b7a4341b7dba36f16d,openjpa-persistence/src/main/java/org/apache/openjpa/persistence/AnnotationBuilder.java
openjpa,f0286a268e1d3d1b97c361fe2bad743b8064094a,85b2e766cae4a55e9e32442cc889a56b8fee0d65,openjpa-persistence/src/main/java/org/apache/openjpa/persistence/AnnotationBuilder.java
openjpa,f0286a268e1d3d1b97c361fe2bad743b8064094a,305758fc96e8ee05b632e3b7a4341b7dba36f16d,openjpa-persistence-jdbc/src/main/java/org/apache/openjpa/persistence/jdbc/AnnotationPersistenceMappingSerializer.java
openjpa,f0286a268e1d3d1b97c361fe2bad743b8064094a,85b2e766cae4a55e9e32442cc889a56b8fee0d65,openjpa-persistence-jdbc/src/main/java/org/apache/openjpa/persistence/jdbc/AnnotationPersistenceMappingSerializer.java
openjpa,f0286a268e1d3d1b97c361fe2bad743b8064094a,9af553bc8d9fc945bea6c7c259cf1f53cf7d8dab,openjpa-persistence-jdbc/src/main/java/org/apache/openjpa/persistence/jdbc/AnnotationPersistenceMappingSerializer.java
openjpa,f0286a268e1d3d1b97c361fe2bad743b8064094a,305758fc96e8ee05b632e3b7a4341b7dba36f16d,openjpa-jdbc/src/main/java/org/apache/openjpa/jdbc/meta/PropertiesReverseCustomizer.java
openjpa,f0286a268e1d3d1b97c361fe2bad743b8064094a,f27898f28082a42624d7dd5c7768523ef6b16f61,openjpa-jdbc/src/main/java/org/apache/openjpa/jdbc/meta/PropertiesReverseCustomizer.java
openjpa,f0286a268e1d3d1b97c361fe2bad743b8064094a,305758fc96e8ee05b632e3b7a4341b7dba36f16d,openjpa-jdbc/src/main/java/org/apache/openjpa/jdbc/kernel/JDBCFetchConfigurationImpl.java
openjpa,f0286a268e1d3d1b97c361fe2bad743b8064094a,3b1cb17cbae7af2b985e3e7c11833282d1db58a2,openjpa-jdbc/src/main/java/org/apache/openjpa/jdbc/kernel/JDBCFetchConfigurationImpl.java
openjpa,f0286a268e1d3d1b97c361fe2bad743b8064094a,50b81e6d7706d8f28aab8110086b1d7f114c1b45,openjpa-jdbc/src/main/java/org/apache/openjpa/jdbc/kernel/JDBCFetchConfigurationImpl.java
openjpa,f0286a268e1d3d1b97c361fe2bad743b8064094a,0527c4570d0bdf444350fb12262b738ee6f61b2e,openjpa-kernel/src/main/java/org/apache/openjpa/meta/FieldMetaData.java
openjpa,f0286a268e1d3d1b97c361fe2bad743b8064094a,305758fc96e8ee05b632e3b7a4341b7dba36f16d,openjpa-kernel/src/main/java/org/apache/openjpa/meta/FieldMetaData.java
openjpa,f0286a268e1d3d1b97c361fe2bad743b8064094a,979d2340e93eaaa9f273a100dbe78e42ea9ed400,openjpa-kernel/src/main/java/org/apache/openjpa/meta/FieldMetaData.java
openjpa,f0286a268e1d3d1b97c361fe2bad743b8064094a,f27898f28082a42624d7dd5c7768523ef6b16f61,openjpa-kernel/src/main/java/org/apache/openjpa/meta/FieldMetaData.java
openjpa,f0286a268e1d3d1b97c361fe2bad743b8064094a,305758fc96e8ee05b632e3b7a4341b7dba36f16d,openjpa-kernel/src/main/java/org/apache/openjpa/enhance/CodeGenerator.java
openjpa,f0286a268e1d3d1b97c361fe2bad743b8064094a,4ddf63ea3f0ed80c6efa8877201d909900965244,openjpa-kernel/src/main/java/org/apache/openjpa/enhance/CodeGenerator.java
openjpa,f0286a268e1d3d1b97c361fe2bad743b8064094a,305758fc96e8ee05b632e3b7a4341b7dba36f16d,openjpa-persistence-jdbc/src/main/java/org/apache/openjpa/persistence/jdbc/XMLPersistenceMappingSerializer.java
openjpa,f0286a268e1d3d1b97c361fe2bad743b8064094a,7d1c8fccafcd31919a79edf46969c5662e2704b5,openjpa-persistence-jdbc/src/main/java/org/apache/openjpa/persistence/jdbc/XMLPersistenceMappingSerializer.java
openjpa,f0286a268e1d3d1b97c361fe2bad743b8064094a,9af553bc8d9fc945bea6c7c259cf1f53cf7d8dab,openjpa-persistence-jdbc/src/main/java/org/apache/openjpa/persistence/jdbc/XMLPersistenceMappingSerializer.java
openjpa,f0286a268e1d3d1b97c361fe2bad743b8064094a,0bcded74e124d14ddd505823ac0ad479b90ac8fb,openjpa-persistence/src/main/java/org/apache/openjpa/persistence/XMLPersistenceMetaDataParser.java
openjpa,f0286a268e1d3d1b97c361fe2bad743b8064094a,305758fc96e8ee05b632e3b7a4341b7dba36f16d,openjpa-persistence/src/main/java/org/apache/openjpa/persistence/XMLPersistenceMetaDataParser.java
openjpa,f0286a268e1d3d1b97c361fe2bad743b8064094a,3f8d02190d21c05323ece224164eea92c0009557,openjpa-persistence/src/main/java/org/apache/openjpa/persistence/XMLPersistenceMetaDataParser.java
openjpa,f0286a268e1d3d1b97c361fe2bad743b8064094a,768cd337b0effd973d77aa141577dea6d5b5009c,openjpa-persistence/src/main/java/org/apache/openjpa/persistence/XMLPersistenceMetaDataParser.java
openjpa,f0286a268e1d3d1b97c361fe2bad743b8064094a,7a6d34e95f66e916e44b844b1ce6551ba8169539,openjpa-persistence/src/main/java/org/apache/openjpa/persistence/XMLPersistenceMetaDataParser.java
openjpa,f0286a268e1d3d1b97c361fe2bad743b8064094a,86e47000db1e081076ed16ef2873bb71e6e93c70,openjpa-persistence/src/main/java/org/apache/openjpa/persistence/XMLPersistenceMetaDataParser.java
openjpa,f0286a268e1d3d1b97c361fe2bad743b8064094a,b5bab78e043329c97b0ddac1558bd595e5a522aa,openjpa-persistence/src/main/java/org/apache/openjpa/persistence/XMLPersistenceMetaDataParser.java
openjpa,f0286a268e1d3d1b97c361fe2bad743b8064094a,305758fc96e8ee05b632e3b7a4341b7dba36f16d,openjpa-jdbc/src/main/java/org/apache/openjpa/jdbc/identifier/Normalizer.java
openjpa,f0286a268e1d3d1b97c361fe2bad743b8064094a,fadd48fe5b68577a3a75d86fb7e51746d6662c3b,openjpa-jdbc/src/main/java/org/apache/openjpa/jdbc/identifier/Normalizer.java
openjpa,f0286a268e1d3d1b97c361fe2bad743b8064094a,305758fc96e8ee05b632e3b7a4341b7dba36f16d,openjpa-kernel/src/main/java/org/apache/openjpa/enhance/PCSubclassValidator.java
openjpa,f0286a268e1d3d1b97c361fe2bad743b8064094a,90b84c5d73db4d0d7fa3e5520358912961b59c43,openjpa-kernel/src/main/java/org/apache/openjpa/enhance/PCSubclassValidator.java
openjpa,f0286a268e1d3d1b97c361fe2bad743b8064094a,305758fc96e8ee05b632e3b7a4341b7dba36f16d,openjpa-jdbc/src/main/java/org/apache/openjpa/jdbc/meta/MappingInfo.java
openjpa,f0286a268e1d3d1b97c361fe2bad743b8064094a,fadd48fe5b68577a3a75d86fb7e51746d6662c3b,openjpa-jdbc/src/main/java/org/apache/openjpa/jdbc/meta/MappingInfo.java
openjpa,f0286a268e1d3d1b97c361fe2bad743b8064094a,305758fc96e8ee05b632e3b7a4341b7dba36f16d,openjpa-jdbc/src/main/java/org/apache/openjpa/jdbc/conf/JDBCConfigurationImpl.java
openjpa,f0286a268e1d3d1b97c361fe2bad743b8064094a,ebd30a7cc7a59f78a25aea3161f7cc11bedef084,openjpa-jdbc/src/main/java/org/apache/openjpa/jdbc/conf/JDBCConfigurationImpl.java
openjpa,f0286a268e1d3d1b97c361fe2bad743b8064094a,f27898f28082a42624d7dd5c7768523ef6b16f61,openjpa-jdbc/src/main/java/org/apache/openjpa/jdbc/conf/JDBCConfigurationImpl.java
openjpa,f0286a268e1d3d1b97c361fe2bad743b8064094a,305758fc96e8ee05b632e3b7a4341b7dba36f16d,openjpa-kernel/src/main/java/org/apache/openjpa/datacache/TypeBasedCacheDistributionPolicy.java
openjpa,f0286a268e1d3d1b97c361fe2bad743b8064094a,6fa32719b9da7b249d8faaa2f89c1eff8f4a7d42,openjpa-kernel/src/main/java/org/apache/openjpa/datacache/TypeBasedCacheDistributionPolicy.java
openjpa,f0286a268e1d3d1b97c361fe2bad743b8064094a,305758fc96e8ee05b632e3b7a4341b7dba36f16d,openjpa-kernel/src/main/java/org/apache/openjpa/meta/XMLFieldMetaData.java
openjpa,f0286a268e1d3d1b97c361fe2bad743b8064094a,a5ed9f701dcb37ffd020e5333bcd0c28b26d650d,openjpa-kernel/src/main/java/org/apache/openjpa/meta/XMLFieldMetaData.java
openjpa,f0286a268e1d3d1b97c361fe2bad743b8064094a,305758fc96e8ee05b632e3b7a4341b7dba36f16d,openjpa-kernel/src/main/java/org/apache/openjpa/enhance/PCEnhancer.java
openjpa,f0286a268e1d3d1b97c361fe2bad743b8064094a,7977291bea0d92b3356319a8dba1a1e9a273e751,openjpa-kernel/src/main/java/org/apache/openjpa/enhance/PCEnhancer.java
openjpa,f0286a268e1d3d1b97c361fe2bad743b8064094a,7a6d34e95f66e916e44b844b1ce6551ba8169539,openjpa-kernel/src/main/java/org/apache/openjpa/enhance/PCEnhancer.java
openjpa,f0286a268e1d3d1b97c361fe2bad743b8064094a,aecff50b27d17904a7b9cb6de00df032f01425dd,openjpa-kernel/src/main/java/org/apache/openjpa/enhance/PCEnhancer.java
openjpa,f0286a268e1d3d1b97c361fe2bad743b8064094a,0c517d163e355f85ca40673db15a991693bc2d4a,openjpa-kernel/src/main/java/org/apache/openjpa/meta/InterfaceImplGenerator.java
openjpa,f0286a268e1d3d1b97c361fe2bad743b8064094a,305758fc96e8ee05b632e3b7a4341b7dba36f16d,openjpa-kernel/src/main/java/org/apache/openjpa/meta/InterfaceImplGenerator.java
openjpa,f0286a268e1d3d1b97c361fe2bad743b8064094a,fe6352fca14a1f26a6e24642d858fd1d5b08664c,openjpa-kernel/src/main/java/org/apache/openjpa/meta/InterfaceImplGenerator.java
openjpa,f0286a268e1d3d1b97c361fe2bad743b8064094a,305758fc96e8ee05b632e3b7a4341b7dba36f16d,openjpa-jdbc/src/main/java/org/apache/openjpa/jdbc/sql/MySQLDictionary.java
openjpa,f0286a268e1d3d1b97c361fe2bad743b8064094a,f27898f28082a42624d7dd5c7768523ef6b16f61,openjpa-jdbc/src/main/java/org/apache/openjpa/jdbc/sql/MySQLDictionary.java
openjpa,f0286a268e1d3d1b97c361fe2bad743b8064094a,305758fc96e8ee05b632e3b7a4341b7dba36f16d,openjpa-persistence-jdbc/src/test/java/org/apache/openjpa/persistence/event/TestBeforeCommit.java
openjpa,f0286a268e1d3d1b97c361fe2bad743b8064094a,a99e618f5ae5d23ff8bf6f4f8a50a5cb357a4a85,openjpa-persistence-jdbc/src/test/java/org/apache/openjpa/persistence/event/TestBeforeCommit.java
openjpa,f0286a268e1d3d1b97c361fe2bad743b8064094a,305758fc96e8ee05b632e3b7a4341b7dba36f16d,openjpa-jdbc/src/main/java/org/apache/openjpa/jdbc/schema/DataSourceFactory.java
openjpa,f0286a268e1d3d1b97c361fe2bad743b8064094a,3d5b44956dd6b860b8367b25d5858ad7db0cd141,openjpa-jdbc/src/main/java/org/apache/openjpa/jdbc/schema/DataSourceFactory.java
openjpa,f0286a268e1d3d1b97c361fe2bad743b8064094a,305758fc96e8ee05b632e3b7a4341b7dba36f16d,openjpa-jdbc/src/main/java/org/apache/openjpa/jdbc/identifier/DBIdentifier.java
openjpa,f0286a268e1d3d1b97c361fe2bad743b8064094a,fadd48fe5b68577a3a75d86fb7e51746d6662c3b,openjpa-jdbc/src/main/java/org/apache/openjpa/jdbc/identifier/DBIdentifier.java
openjpa,f0286a268e1d3d1b97c361fe2bad743b8064094a,305758fc96e8ee05b632e3b7a4341b7dba36f16d,openjpa-persistence-jdbc/src/test/java/org/apache/openjpa/persistence/xmlmapping/query/TestXMLCustomerOrder.java
openjpa,f0286a268e1d3d1b97c361fe2bad743b8064094a,5a98879567c0288cd1117aa0b177091fa14706bc,openjpa-persistence-jdbc/src/test/java/org/apache/openjpa/persistence/xmlmapping/query/TestXMLCustomerOrder.java
openjpa,f0286a268e1d3d1b97c361fe2bad743b8064094a,305758fc96e8ee05b632e3b7a4341b7dba36f16d,openjpa-kernel/src/main/java/org/apache/openjpa/kernel/QueryImpl.java
openjpa,f0286a268e1d3d1b97c361fe2bad743b8064094a,90b84c5d73db4d0d7fa3e5520358912961b59c43,openjpa-kernel/src/main/java/org/apache/openjpa/kernel/QueryImpl.java
openjpa,f0286a268e1d3d1b97c361fe2bad743b8064094a,305758fc96e8ee05b632e3b7a4341b7dba36f16d,openjpa-jdbc/src/main/java/org/apache/openjpa/jdbc/schema/Column.java
openjpa,f0286a268e1d3d1b97c361fe2bad743b8064094a,fadd48fe5b68577a3a75d86fb7e51746d6662c3b,openjpa-jdbc/src/main/java/org/apache/openjpa/jdbc/schema/Column.java
openjpa,f0286a268e1d3d1b97c361fe2bad743b8064094a,305758fc96e8ee05b632e3b7a4341b7dba36f16d,openjpa-kernel/src/main/java/org/apache/openjpa/util/StringId.java
openjpa,f0286a268e1d3d1b97c361fe2bad743b8064094a,5668a18ec0a54730824d60d3a97a0c3031d4fda6,openjpa-kernel/src/main/java/org/apache/openjpa/util/StringId.java
openjpa,f0286a268e1d3d1b97c361fe2bad743b8064094a,305758fc96e8ee05b632e3b7a4341b7dba36f16d,openjpa-kernel/src/main/java/org/apache/openjpa/meta/Extensions.java
openjpa,f0286a268e1d3d1b97c361fe2bad743b8064094a,7a6d34e95f66e916e44b844b1ce6551ba8169539,openjpa-kernel/src/main/java/org/apache/openjpa/meta/Extensions.java
openjpa,f0286a268e1d3d1b97c361fe2bad743b8064094a,305758fc96e8ee05b632e3b7a4341b7dba36f16d,openjpa-kernel/src/main/java/org/apache/openjpa/meta/MetaDataRepository.java
openjpa,f0286a268e1d3d1b97c361fe2bad743b8064094a,437897789151a863d3db32d8c4692100bcb12a60,openjpa-kernel/src/main/java/org/apache/openjpa/meta/MetaDataRepository.java
openjpa,f0286a268e1d3d1b97c361fe2bad743b8064094a,13c88d75cf0844d1dfb0bdfc0dc9a297c4d2745d,openjpa-persistence/src/main/java/org/apache/openjpa/persistence/JPAProperties.java
openjpa,f0286a268e1d3d1b97c361fe2bad743b8064094a,305758fc96e8ee05b632e3b7a4341b7dba36f16d,openjpa-persistence/src/main/java/org/apache/openjpa/persistence/JPAProperties.java
openjpa,f0286a268e1d3d1b97c361fe2bad743b8064094a,305758fc96e8ee05b632e3b7a4341b7dba36f16d,openjpa-kernel/src/main/java/org/apache/openjpa/enhance/PCDataGenerator.java
openjpa,f0286a268e1d3d1b97c361fe2bad743b8064094a,90b84c5d73db4d0d7fa3e5520358912961b59c43,openjpa-kernel/src/main/java/org/apache/openjpa/enhance/PCDataGenerator.java
openjpa,f0286a268e1d3d1b97c361fe2bad743b8064094a,305758fc96e8ee05b632e3b7a4341b7dba36f16d,openjpa-kernel/src/main/java/org/apache/openjpa/kernel/MethodStoreQuery.java
openjpa,f0286a268e1d3d1b97c361fe2bad743b8064094a,f27898f28082a42624d7dd5c7768523ef6b16f61,openjpa-kernel/src/main/java/org/apache/openjpa/kernel/MethodStoreQuery.java
openjpa,f0286a268e1d3d1b97c361fe2bad743b8064094a,1fede626e2cad16f7bb4d77dd9fc3270a8b6b331,openjpa-lib/src/main/java/org/apache/openjpa/lib/conf/Value.java
openjpa,f0286a268e1d3d1b97c361fe2bad743b8064094a,305758fc96e8ee05b632e3b7a4341b7dba36f16d,openjpa-lib/src/main/java/org/apache/openjpa/lib/conf/Value.java
openjpa,f0286a268e1d3d1b97c361fe2bad743b8064094a,3d5b44956dd6b860b8367b25d5858ad7db0cd141,openjpa-lib/src/main/java/org/apache/openjpa/lib/conf/Value.java
openjpa,f0286a268e1d3d1b97c361fe2bad743b8064094a,bf8ffa5ced5bda9a67d87fc43bd4336509112e74,openjpa-lib/src/main/java/org/apache/openjpa/lib/conf/Value.java
openjpa,f0286a268e1d3d1b97c361fe2bad743b8064094a,cea8ab57d16578c0a087b642ae3b9a88780148cf,openjpa-lib/src/main/java/org/apache/openjpa/lib/conf/Value.java
openjpa,f0286a268e1d3d1b97c361fe2bad743b8064094a,305758fc96e8ee05b632e3b7a4341b7dba36f16d,openjpa-kernel/src/main/java/org/apache/openjpa/conf/Specification.java
openjpa,f0286a268e1d3d1b97c361fe2bad743b8064094a,90b84c5d73db4d0d7fa3e5520358912961b59c43,openjpa-kernel/src/main/java/org/apache/openjpa/conf/Specification.java
openjpa,f0286a268e1d3d1b97c361fe2bad743b8064094a,305758fc96e8ee05b632e3b7a4341b7dba36f16d,openjpa-jdbc/src/main/java/org/apache/openjpa/jdbc/schema/NameSet.java
openjpa,f0286a268e1d3d1b97c361fe2bad743b8064094a,fadd48fe5b68577a3a75d86fb7e51746d6662c3b,openjpa-jdbc/src/main/java/org/apache/openjpa/jdbc/schema/NameSet.java
openjpa,f0286a268e1d3d1b97c361fe2bad743b8064094a,305758fc96e8ee05b632e3b7a4341b7dba36f16d,openjpa-kernel/src/main/java/org/apache/openjpa/meta/XMLClassMetaData.java
openjpa,f0286a268e1d3d1b97c361fe2bad743b8064094a,7ca46cf69d63c6e21f9495ece70e7dd6b210c7e2,openjpa-kernel/src/main/java/org/apache/openjpa/meta/XMLClassMetaData.java
openjpa,f0286a268e1d3d1b97c361fe2bad743b8064094a,1b1b60c9a7d63268dc26c1ff5dc601a352cee1c9,openjpa-jdbc/src/main/java/org/apache/openjpa/jdbc/sql/MariaDBDictionary.java
openjpa,f0286a268e1d3d1b97c361fe2bad743b8064094a,305758fc96e8ee05b632e3b7a4341b7dba36f16d,openjpa-jdbc/src/main/java/org/apache/openjpa/jdbc/sql/MariaDBDictionary.java
openjpa,f0286a268e1d3d1b97c361fe2bad743b8064094a,2ac1bcccbb4070da2c86bfee4c7368d9466141ca,openjpa-lib/src/main/java/org/apache/openjpa/lib/conf/StringListValue.java
openjpa,f0286a268e1d3d1b97c361fe2bad743b8064094a,305758fc96e8ee05b632e3b7a4341b7dba36f16d,openjpa-lib/src/main/java/org/apache/openjpa/lib/conf/StringListValue.java
openjpa,f0286a268e1d3d1b97c361fe2bad743b8064094a,66ad16fd850de2af3be24e9b6faa6d1f64e84a01,openjpa-lib/src/main/java/org/apache/openjpa/lib/conf/StringListValue.java
openjpa,f0286a268e1d3d1b97c361fe2bad743b8064094a,c4323ac56367020cab9d70c2cd44eb8f0bf1e822,openjpa-lib/src/test/java/org/apache/openjpa/lib/util/StringUtilTest.java
openjpa,f0286a268e1d3d1b97c361fe2bad743b8064094a,305758fc96e8ee05b632e3b7a4341b7dba36f16d,openjpa-kernel/src/main/java/org/apache/openjpa/kernel/AbstractBrokerFactory.java
openjpa,f0286a268e1d3d1b97c361fe2bad743b8064094a,baf800f3b02d6abbd6c3849191511ffdd6b9e0d1,openjpa-kernel/src/main/java/org/apache/openjpa/kernel/AbstractBrokerFactory.java
openjpa,f0286a268e1d3d1b97c361fe2bad743b8064094a,ebd30a7cc7a59f78a25aea3161f7cc11bedef084,openjpa-kernel/src/main/java/org/apache/openjpa/kernel/AbstractBrokerFactory.java
openjpa,f0286a268e1d3d1b97c361fe2bad743b8064094a,305758fc96e8ee05b632e3b7a4341b7dba36f16d,openjpa-tools/openjpa-fetch-statistics/src/main/java/org/apache/openjpa/enhance/stats/FetchStatisticsAuxEnhancer.java
openjpa,f0286a268e1d3d1b97c361fe2bad743b8064094a,305758fc96e8ee05b632e3b7a4341b7dba36f16d,openjpa-lib/src/main/java/org/apache/openjpa/lib/meta/CFMetaDataParser.java
openjpa,f0286a268e1d3d1b97c361fe2bad743b8064094a,3f8d02190d21c05323ece224164eea92c0009557,openjpa-lib/src/main/java/org/apache/openjpa/lib/meta/CFMetaDataParser.java
openjpa,f0286a268e1d3d1b97c361fe2bad743b8064094a,f27898f28082a42624d7dd5c7768523ef6b16f61,openjpa-lib/src/main/java/org/apache/openjpa/lib/meta/CFMetaDataParser.java
openjpa,2353455a487fb0c1b8f91d5dbbef887c8ac5436d,3d5b44956dd6b860b8367b25d5858ad7db0cd141,openjpa-jdbc/src/main/java/org/apache/openjpa/jdbc/sql/OracleDictionary.java
openjpa,2353455a487fb0c1b8f91d5dbbef887c8ac5436d,7d1c8fccafcd31919a79edf46969c5662e2704b5,openjpa-jdbc/src/main/java/org/apache/openjpa/jdbc/sql/OracleDictionary.java
openjpa,80d1fddb751360dd654f70df3918d0fad2c1fc89,3d5b44956dd6b860b8367b25d5858ad7db0cd141,openjpa-kernel/src/main/java/org/apache/openjpa/meta/MetaDataRepository.java
openjpa,80d1fddb751360dd654f70df3918d0fad2c1fc89,7a6d34e95f66e916e44b844b1ce6551ba8169539,openjpa-kernel/src/main/java/org/apache/openjpa/meta/MetaDataRepository.java
openjpa,e400abcef5f9368e384f056c4ff41efcff7cf303,6fc7d55a09c87112d2ade2f451c0c11947f9fab0,openjpa-lib/src/main/java/org/apache/openjpa/lib/meta/XMLMetaDataParser.java
openjpa,6fc7d55a09c87112d2ade2f451c0c11947f9fab0,b9183699ba5e4eb2335772077f2b0d8918767fb8,openjpa-lib/src/main/java/org/apache/openjpa/lib/meta/XMLMetaDataParser.java
openjpa,09dab24fcd5b44519db55fc0ab3d51b6e1446c8d,ad98d444e1f43922ac61a25ae57bd7ccddfc6178,openjpa-kernel/src/main/java/org/apache/openjpa/datacache/QueryCacheStoreQuery.java
openjpa,c5748ffde16f9e699df8150be508e4149318069f,1fede626e2cad16f7bb4d77dd9fc3270a8b6b331,openjpa-lib/src/main/java/org/apache/openjpa/lib/meta/XMLMetaDataSerializer.java
openjpa,c5748ffde16f9e699df8150be508e4149318069f,995c6a4acc0183dc76cd4c477b47bf515334ce00,openjpa-lib/src/main/java/org/apache/openjpa/lib/meta/XMLMetaDataSerializer.java
openjpa,b76ab3884e1bb57e9b066d06ea516455d2de01b2,baf800f3b02d6abbd6c3849191511ffdd6b9e0d1,openjpa-kernel/src/main/java/org/apache/openjpa/enhance/ManagedClassSubclasser.java
openjpa,c7addd5f51598dc111e89db16160c912e159c132,90b84c5d73db4d0d7fa3e5520358912961b59c43,openjpa-slice/src/main/java/org/apache/openjpa/slice/jdbc/DistributedJDBCConfigurationImpl.java
openjpa,c7addd5f51598dc111e89db16160c912e159c132,b6e661e24a3f5993ba24df9819e61f8ed028a115,openjpa-slice/src/main/java/org/apache/openjpa/slice/jdbc/DistributedJDBCConfigurationImpl.java
openjpa,c7addd5f51598dc111e89db16160c912e159c132,d43fea80d89445b4ff69dfba89ecc355832f1d36,openjpa-slice/src/main/java/org/apache/openjpa/slice/jdbc/DistributedJDBCConfigurationImpl.java
openjpa,c7addd5f51598dc111e89db16160c912e159c132,90b84c5d73db4d0d7fa3e5520358912961b59c43,openjpa-slice/src/main/java/org/apache/openjpa/slice/jdbc/DistributedStoreQuery.java
openjpa,c7addd5f51598dc111e89db16160c912e159c132,b6e661e24a3f5993ba24df9819e61f8ed028a115,openjpa-slice/src/main/java/org/apache/openjpa/slice/jdbc/DistributedStoreQuery.java
openjpa,c7addd5f51598dc111e89db16160c912e159c132,90b84c5d73db4d0d7fa3e5520358912961b59c43,openjpa-slice/src/main/java/org/apache/openjpa/slice/jdbc/DistributedJDBCBrokerFactory.java
openjpa,c7addd5f51598dc111e89db16160c912e159c132,b6e661e24a3f5993ba24df9819e61f8ed028a115,openjpa-slice/src/main/java/org/apache/openjpa/slice/jdbc/DistributedJDBCBrokerFactory.java
openjpa,c7addd5f51598dc111e89db16160c912e159c132,90b84c5d73db4d0d7fa3e5520358912961b59c43,openjpa-slice/src/main/java/org/apache/openjpa/slice/jdbc/DistributedJDBCStoreManager.java
openjpa,c7addd5f51598dc111e89db16160c912e159c132,b6e661e24a3f5993ba24df9819e61f8ed028a115,openjpa-slice/src/main/java/org/apache/openjpa/slice/jdbc/DistributedJDBCStoreManager.java
openjpa,c7addd5f51598dc111e89db16160c912e159c132,90b84c5d73db4d0d7fa3e5520358912961b59c43,openjpa-slice/src/test/java/org/apache/openjpa/slice/PObject.java
openjpa,c7addd5f51598dc111e89db16160c912e159c132,90b84c5d73db4d0d7fa3e5520358912961b59c43,openjpa-slice/src/main/java/org/apache/openjpa/slice/DistributedBroker.java
openjpa,c7addd5f51598dc111e89db16160c912e159c132,90b84c5d73db4d0d7fa3e5520358912961b59c43,openjpa-slice/src/test/java/org/apache/openjpa/slice/TestConfiguration.java
openjpa,c7addd5f51598dc111e89db16160c912e159c132,90b84c5d73db4d0d7fa3e5520358912961b59c43,openjpa-slice/src/main/java/org/apache/openjpa/slice/jdbc/DistributedJDBCConfiguration.java
openjpa,c7addd5f51598dc111e89db16160c912e159c132,90b84c5d73db4d0d7fa3e5520358912961b59c43,openjpa-slice/src/main/java/org/apache/openjpa/slice/SliceThread.java
openjpa,c7addd5f51598dc111e89db16160c912e159c132,291e27eba9b36f28c8a87da81b23758e1f803f4e,openjpa-slice/src/test/java/org/apache/openjpa/slice/TestBasic.java
openjpa,c7addd5f51598dc111e89db16160c912e159c132,90b84c5d73db4d0d7fa3e5520358912961b59c43,openjpa-slice/src/test/java/org/apache/openjpa/slice/TestBasic.java
openjpa,c7addd5f51598dc111e89db16160c912e159c132,90b84c5d73db4d0d7fa3e5520358912961b59c43,openjpa-slice/src/main/java/org/apache/openjpa/slice/DistributedBrokerImpl.java
openjpa,c7addd5f51598dc111e89db16160c912e159c132,b6e661e24a3f5993ba24df9819e61f8ed028a115,openjpa-slice/src/main/java/org/apache/openjpa/slice/DistributedBrokerImpl.java
openjpa,c7addd5f51598dc111e89db16160c912e159c132,90b84c5d73db4d0d7fa3e5520358912961b59c43,openjpa-slice/src/main/java/org/apache/openjpa/slice/DistributedConfiguration.java
openjpa,a515a71fec4d9b083061d3cd0c0e0f9067f2e17a,7a6d34e95f66e916e44b844b1ce6551ba8169539,openjpa-kernel/src/main/java/org/apache/openjpa/meta/ClassMetaData.java
openjpa,814fef0f7df44e25d5d3c1f1ed04c8b415dc7c41,ec0eeedf35d6250433d1a185ade1a894c44387ad,openjpa-jdbc/src/main/java/org/apache/openjpa/jdbc/sql/SelectImpl.java
openjpa,814fef0f7df44e25d5d3c1f1ed04c8b415dc7c41,ec0eeedf35d6250433d1a185ade1a894c44387ad,openjpa-persistence-jdbc/src/test/java/org/apache/openjpa/persistence/criteria/TestTypesafeCriteria.java
openjpa,ec0eeedf35d6250433d1a185ade1a894c44387ad,f74c5d7a69fb3dda67fb26c1c0250d48e29fe359,openjpa-jdbc/src/main/java/org/apache/openjpa/jdbc/sql/SelectImpl.java
openjpa,db20d8a011cf6efc33b0e3b9c9d04da4ee67674a,718370e1ef8ceaa48fedfa92b90dc49de6cb530b,openjpa-persistence/src/main/java/org/apache/openjpa/persistence/FetchPlan.java
openjpa,db20d8a011cf6efc33b0e3b9c9d04da4ee67674a,8a9595bed48728c8dde434b46c747b7c1b5a31a2,openjpa-persistence/src/main/java/org/apache/openjpa/persistence/FetchPlan.java
openjpa,db20d8a011cf6efc33b0e3b9c9d04da4ee67674a,a375ef4fd9794fa341a916d75ef8bd3e0ed2b69c,openjpa-persistence/src/main/java/org/apache/openjpa/persistence/FetchPlan.java
openjpa,db20d8a011cf6efc33b0e3b9c9d04da4ee67674a,13c88d75cf0844d1dfb0bdfc0dc9a297c4d2745d,openjpa-persistence/src/main/java/org/apache/openjpa/persistence/HintHandler.java
openjpa,db20d8a011cf6efc33b0e3b9c9d04da4ee67674a,43de09873ba47f3c2da2e1fdc3b64cc60eb5bd54,openjpa-persistence/src/main/java/org/apache/openjpa/persistence/HintHandler.java
openjpa,db20d8a011cf6efc33b0e3b9c9d04da4ee67674a,718370e1ef8ceaa48fedfa92b90dc49de6cb530b,openjpa-persistence/src/main/java/org/apache/openjpa/persistence/HintHandler.java
openjpa,db20d8a011cf6efc33b0e3b9c9d04da4ee67674a,90b84c5d73db4d0d7fa3e5520358912961b59c43,openjpa-persistence/src/main/java/org/apache/openjpa/persistence/HintHandler.java
openjpa,db20d8a011cf6efc33b0e3b9c9d04da4ee67674a,9c601dfa0224796336f51f8201eb46011511d132,openjpa-persistence/src/main/java/org/apache/openjpa/persistence/HintHandler.java
openjpa,db20d8a011cf6efc33b0e3b9c9d04da4ee67674a,b6e661e24a3f5993ba24df9819e61f8ed028a115,openjpa-persistence/src/main/java/org/apache/openjpa/persistence/HintHandler.java
openjpa,db20d8a011cf6efc33b0e3b9c9d04da4ee67674a,3b1cb17cbae7af2b985e3e7c11833282d1db58a2,openjpa-jdbc/src/main/java/org/apache/openjpa/jdbc/kernel/JDBCFetchConfiguration.java
openjpa,db20d8a011cf6efc33b0e3b9c9d04da4ee67674a,50b81e6d7706d8f28aab8110086b1d7f114c1b45,openjpa-jdbc/src/main/java/org/apache/openjpa/jdbc/kernel/JDBCFetchConfiguration.java
openjpa,db20d8a011cf6efc33b0e3b9c9d04da4ee67674a,7d1c8fccafcd31919a79edf46969c5662e2704b5,openjpa-jdbc/src/main/java/org/apache/openjpa/jdbc/kernel/JDBCFetchConfiguration.java
openjpa,db20d8a011cf6efc33b0e3b9c9d04da4ee67674a,13c88d75cf0844d1dfb0bdfc0dc9a297c4d2745d,openjpa-kernel/src/main/java/org/apache/openjpa/kernel/FetchConfiguration.java
openjpa,db20d8a011cf6efc33b0e3b9c9d04da4ee67674a,718370e1ef8ceaa48fedfa92b90dc49de6cb530b,openjpa-kernel/src/main/java/org/apache/openjpa/kernel/FetchConfiguration.java
openjpa,db20d8a011cf6efc33b0e3b9c9d04da4ee67674a,7a6d34e95f66e916e44b844b1ce6551ba8169539,openjpa-kernel/src/main/java/org/apache/openjpa/kernel/FetchConfiguration.java
openjpa,db20d8a011cf6efc33b0e3b9c9d04da4ee67674a,c27f31a107aa9a9a94dedb2281a02a36c4c9b134,openjpa-kernel/src/main/java/org/apache/openjpa/kernel/FetchConfiguration.java
openjpa,db20d8a011cf6efc33b0e3b9c9d04da4ee67674a,56f6b437909815b1974c391d6496a1c4c5f87382,openjpa-persistence-jdbc/src/main/java/org/apache/openjpa/persistence/jdbc/LRSSizeAlgorithm.java
openjpa,db20d8a011cf6efc33b0e3b9c9d04da4ee67674a,778ab2a393ad53356f5b24f059f45f56e48e4dd4,openjpa-persistence-jdbc/src/main/java/org/apache/openjpa/persistence/jdbc/LRSSizeAlgorithm.java
openjpa,db20d8a011cf6efc33b0e3b9c9d04da4ee67674a,1679c05c89203f9d8d0c3f1ea1cfdc64943564a5,openjpa-kernel/src/main/java/org/apache/openjpa/kernel/QueryHints.java
openjpa,db20d8a011cf6efc33b0e3b9c9d04da4ee67674a,ff52a40fb4c44db2395b522cc1d696fdb4c851f2,openjpa-persistence-jdbc/src/test/java/org/apache/openjpa/persistence/query/TestQueryTimeout.java
openjpa,db20d8a011cf6efc33b0e3b9c9d04da4ee67674a,13c88d75cf0844d1dfb0bdfc0dc9a297c4d2745d,openjpa-kernel/src/main/java/org/apache/openjpa/kernel/FetchConfigurationImpl.java
openjpa,db20d8a011cf6efc33b0e3b9c9d04da4ee67674a,3b1cb17cbae7af2b985e3e7c11833282d1db58a2,openjpa-kernel/src/main/java/org/apache/openjpa/kernel/FetchConfigurationImpl.java
openjpa,db20d8a011cf6efc33b0e3b9c9d04da4ee67674a,4506244327679448c5622c388f4a6bb021425715,openjpa-kernel/src/main/java/org/apache/openjpa/kernel/FetchConfigurationImpl.java
openjpa,db20d8a011cf6efc33b0e3b9c9d04da4ee67674a,5016fc69f876b56f961f062b538440af8bdc7497,openjpa-kernel/src/main/java/org/apache/openjpa/kernel/FetchConfigurationImpl.java
openjpa,db20d8a011cf6efc33b0e3b9c9d04da4ee67674a,718370e1ef8ceaa48fedfa92b90dc49de6cb530b,openjpa-kernel/src/main/java/org/apache/openjpa/kernel/FetchConfigurationImpl.java
openjpa,db20d8a011cf6efc33b0e3b9c9d04da4ee67674a,7a6d34e95f66e916e44b844b1ce6551ba8169539,openjpa-kernel/src/main/java/org/apache/openjpa/kernel/FetchConfigurationImpl.java
openjpa,db20d8a011cf6efc33b0e3b9c9d04da4ee67674a,c27f31a107aa9a9a94dedb2281a02a36c4c9b134,openjpa-kernel/src/main/java/org/apache/openjpa/kernel/FetchConfigurationImpl.java
openjpa,db20d8a011cf6efc33b0e3b9c9d04da4ee67674a,3b1cb17cbae7af2b985e3e7c11833282d1db58a2,openjpa-jdbc/src/main/java/org/apache/openjpa/jdbc/kernel/JDBCFetchConfigurationImpl.java
openjpa,db20d8a011cf6efc33b0e3b9c9d04da4ee67674a,50b81e6d7706d8f28aab8110086b1d7f114c1b45,openjpa-jdbc/src/main/java/org/apache/openjpa/jdbc/kernel/JDBCFetchConfigurationImpl.java
openjpa,db20d8a011cf6efc33b0e3b9c9d04da4ee67674a,7d1c8fccafcd31919a79edf46969c5662e2704b5,openjpa-jdbc/src/main/java/org/apache/openjpa/jdbc/kernel/JDBCFetchConfigurationImpl.java
openjpa,db20d8a011cf6efc33b0e3b9c9d04da4ee67674a,979d2340e93eaaa9f273a100dbe78e42ea9ed400,openjpa-jdbc/src/main/java/org/apache/openjpa/jdbc/kernel/JDBCFetchConfigurationImpl.java
openjpa,db20d8a011cf6efc33b0e3b9c9d04da4ee67674a,253407b69c4584af56d2d43e731e3073316fa67e,openjpa-persistence/src/main/java/org/apache/openjpa/persistence/FetchPlanImpl.java
openjpa,db20d8a011cf6efc33b0e3b9c9d04da4ee67674a,718370e1ef8ceaa48fedfa92b90dc49de6cb530b,openjpa-persistence/src/main/java/org/apache/openjpa/persistence/FetchPlanImpl.java
openjpa,db20d8a011cf6efc33b0e3b9c9d04da4ee67674a,840644fcc5332740c9c5f466b968c1cd8afab6b3,openjpa-persistence-jdbc/src/main/java/org/apache/openjpa/persistence/jdbc/IsolationLevel.java
openjpa,6a8483460dad988b92e2c1938363f7269518a05d,291e27eba9b36f28c8a87da81b23758e1f803f4e,openjpa-persistence-jdbc/src/test/java/org/apache/openjpa/conf/TestQueryHints.java
openjpa,6a8483460dad988b92e2c1938363f7269518a05d,90b84c5d73db4d0d7fa3e5520358912961b59c43,openjpa-persistence-jdbc/src/test/java/org/apache/openjpa/conf/TestQueryHints.java
openjpa,43de09873ba47f3c2da2e1fdc3b64cc60eb5bd54,718370e1ef8ceaa48fedfa92b90dc49de6cb530b,openjpa-persistence/src/main/java/org/apache/openjpa/persistence/HintHandler.java
openjpa,43de09873ba47f3c2da2e1fdc3b64cc60eb5bd54,90b84c5d73db4d0d7fa3e5520358912961b59c43,openjpa-persistence/src/main/java/org/apache/openjpa/persistence/HintHandler.java
openjpa,43de09873ba47f3c2da2e1fdc3b64cc60eb5bd54,9c601dfa0224796336f51f8201eb46011511d132,openjpa-persistence/src/main/java/org/apache/openjpa/persistence/HintHandler.java
openjpa,5affd1274fc1e236e34612d9164a4a916c71f131,b4a3a77840af840f9cd2800b717c585a3c135e5e,openjpa-persistence-jdbc/src/test/java/org/apache/openjpa/persistence/relations/BidiChild.java
openjpa,5affd1274fc1e236e34612d9164a4a916c71f131,7a6d34e95f66e916e44b844b1ce6551ba8169539,openjpa-kernel/src/main/java/org/apache/openjpa/meta/FieldMetaData.java
openjpa,5affd1274fc1e236e34612d9164a4a916c71f131,b4a3a77840af840f9cd2800b717c585a3c135e5e,openjpa-persistence-jdbc/src/test/java/org/apache/openjpa/persistence/relations/BidiParent.java
openjpa,dfc102beba2406c0a6065e665b710431245673cc,e14378f7f32bfbaa59e558b8c29ff42ff3e71c0c,openjpa-kernel/src/main/java/org/apache/openjpa/util/OpenJPAId.java
openjpa,dfc102beba2406c0a6065e665b710431245673cc,e14378f7f32bfbaa59e558b8c29ff42ff3e71c0c,openjpa-kernel/src/main/java/org/apache/openjpa/ee/JNDIManagedRuntime.java
openjpa,dfc102beba2406c0a6065e665b710431245673cc,7a6d34e95f66e916e44b844b1ce6551ba8169539,openjpa-kernel/src/main/java/org/apache/openjpa/util/ImplHelper.java
openjpa,dfc102beba2406c0a6065e665b710431245673cc,979d2340e93eaaa9f273a100dbe78e42ea9ed400,openjpa-kernel/src/main/java/org/apache/openjpa/kernel/FetchConfigurationImpl.java
openjpa,dfc102beba2406c0a6065e665b710431245673cc,e14378f7f32bfbaa59e558b8c29ff42ff3e71c0c,openjpa-kernel/src/main/java/org/apache/openjpa/kernel/FetchConfigurationImpl.java
openjpa,dfc102beba2406c0a6065e665b710431245673cc,e14378f7f32bfbaa59e558b8c29ff42ff3e71c0c,openjpa-kernel/src/main/java/org/apache/openjpa/kernel/BrokerImpl.java
openjpa,e14378f7f32bfbaa59e558b8c29ff42ff3e71c0c,b9183699ba5e4eb2335772077f2b0d8918767fb8,openjpa-lib/src/main/java/org/apache/openjpa/lib/conf/ObjectValue.java
openjpa,e14378f7f32bfbaa59e558b8c29ff42ff3e71c0c,bf8ffa5ced5bda9a67d87fc43bd4336509112e74,openjpa-lib/src/main/java/org/apache/openjpa/lib/conf/ObjectValue.java
openjpa,e14378f7f32bfbaa59e558b8c29ff42ff3e71c0c,597930f15a699dc1411fb8372e865cd1938dbb6e,openjpa-kernel/src/main/java/org/apache/openjpa/kernel/BrokerImpl.java
openjpa,e14378f7f32bfbaa59e558b8c29ff42ff3e71c0c,7a6d34e95f66e916e44b844b1ce6551ba8169539,openjpa-kernel/src/main/java/org/apache/openjpa/kernel/BrokerImpl.java
openjpa,e14378f7f32bfbaa59e558b8c29ff42ff3e71c0c,979d2340e93eaaa9f273a100dbe78e42ea9ed400,openjpa-kernel/src/main/java/org/apache/openjpa/kernel/FetchConfigurationImpl.java
openjpa,e14378f7f32bfbaa59e558b8c29ff42ff3e71c0c,7a6d34e95f66e916e44b844b1ce6551ba8169539,openjpa-kernel/src/main/java/org/apache/openjpa/ee/JNDIManagedRuntime.java
openjpa,e14378f7f32bfbaa59e558b8c29ff42ff3e71c0c,7a6d34e95f66e916e44b844b1ce6551ba8169539,openjpa-kernel/src/main/java/org/apache/openjpa/kernel/AbstractBrokerFactory.java
openjpa,e14378f7f32bfbaa59e558b8c29ff42ff3e71c0c,7a6d34e95f66e916e44b844b1ce6551ba8169539,openjpa-kernel/src/main/java/org/apache/openjpa/util/OpenJPAId.java
